{
  "timestamp": "20260326_120637",
  "config_version": "v3.0",
  "tickers_count": 200,
  "metrics": {
    "total_return": 0.4465,
    "cagr": 0.064228,
    "max_drawdown": 0.112607,
    "sharpe": 0.1884,
    "sortino": 0.236,
    "win_rate": 0.4798,
    "profit_factor": 1.2419,
    "avg_trade": 4.21,
    "total_trades": 519,
    "total_pnl": 2184.45,
    "exposure": 0.9993,
    "turnover": 131.2256,
    "avg_equity": 6382.88,
    "final_equity": 7249.6,
    "avg_winner": 45.04,
    "avg_loser": -33.57,
    "largest_winner": 221.61,
    "largest_loser": -240.86,
    "avg_hold_days": 18.3,
    "calmar": 0.5704,
    "var_95": 0.009381,
    "var_99": 0.018815,
    "cvar_95": 0.015287,
    "var_95_parametric": 0.009886,
    "expectancy_r": 0.167,
    "avg_r": 0.167,
    "avg_winner_r": 1.4362,
    "avg_loser_r": -1.0035,
    "win_rate_r": 0.4798,
    "total_r": 86.6551,
    "r_count": 519,
    "largest_winner_r": 11.4635,
    "largest_loser_r": -7.0551,
    "edge_t_statistic": 2.3958,
    "edge_p_value": 0.016939,
    "edge_significant": true,
    "strategy_correlation": {
      "strategies": [
        "connors_rsi2",
        "mean_reversion",
        "momentum_breakout",
        "sector_rotation",
        "short_term_mr",
        "trend_following"
      ],
      "matrix": [
        [
          1.0,
          0.0292,
          0.0149,
          0.0306,
          0.0024,
          0.0094
        ],
        [
          0.0292,
          1.0,
          0.1432,
          0.1019,
          -0.007,
          -0.0387
        ],
        [
          0.0149,
          0.1432,
          1.0,
          0.0061,
          0.0002,
          0.0928
        ],
        [
          0.0306,
          0.1019,
          0.0061,
          1.0,
          -0.022,
          0.1087
        ],
        [
          0.0024,
          -0.007,
          0.0002,
          -0.022,
          1.0,
          0.0093
        ],
        [
          0.0094,
          -0.0387,
          0.0928,
          0.1087,
          0.0093,
          1.0
        ]
      ],
      "concentrated_pairs": [],
      "n_active_days": 1490
    },
    "mc_p95_drawdown": 0.186207,
    "mc_p99_drawdown": 0.227228,
    "mc_fragile": false,
    "monte_carlo": {
      "p50_drawdown": 0.117047,
      "p75_drawdown": 0.141449,
      "p95_drawdown": 0.186207,
      "p99_drawdown": 0.227228,
      "worst_drawdown": 0.257744,
      "actual_drawdown": 0.104332,
      "n_simulations": 1000,
      "n_trades": 519,
      "fragile": false
    },
    "alpha": 0.017943,
    "beta": 0.03079,
    "r_squared": 0.002171,
    "information_ratio": -0.523243,
    "tracking_error": 0.173679,
    "treynor_ratio": 0.695028,
    "correlation": 0.046594,
    "up_capture": 0.06385,
    "down_capture": -0.015019,
    "shuffle_actual_dd": 0.104332,
    "shuffle_p50_dd": 0.116243,
    "shuffle_p95_dd": 0.187032,
    "shuffle_percentile": 33.23,
    "shuffle_impact": "NEUTRAL",
    "regime_metrics": {
      "bear": {
        "trades": 56,
        "win_rate_pct": 50.0,
        "avg_trade": -0.45,
        "total_pnl": -25.44,
        "profit_factor": 0.9692,
        "sharpe_approx": -0.0115,
        "avg_r": 0.0084
      },
      "bull": {
        "trades": 320,
        "win_rate_pct": 48.4,
        "avg_trade": 7.4,
        "total_pnl": 2369.38,
        "profit_factor": 1.4479,
        "sharpe_approx": 0.1367,
        "avg_r": 0.2593
      },
      "neutral": {
        "trades": 143,
        "win_rate_pct": 46.2,
        "avg_trade": -1.12,
        "total_pnl": -159.49,
        "profit_factor": 0.9453,
        "sharpe_approx": -0.0216,
        "avg_r": 0.0223
      }
    }
  },
  "benchmark_metrics": {
    "cagr": 0.157866,
    "max_drawdown": 0.20948,
    "sharpe": 0.7636,
    "sortino": 1.1369,
    "total_return": 1.4091,
    "final_equity": 12074.14
  },
  "total_trades": 519
}