{
  "version": "v2.0_optimized",
  "metrics": {
    "total_return": 0.3234,
    "cagr": 0.156933,
    "max_drawdown": 0.053859,
    "sharpe": 1.0404,
    "sortino": 1.6547,
    "win_rate": 0.56,
    "profit_factor": 1.4996,
    "avg_trade": 7.39,
    "total_trades": 425,
    "total_pnl": 3142.22,
    "exposure": 0.9627,
    "turnover": 62.4026,
    "avg_equity": 11389.7,
    "final_equity": 13233.56,
    "avg_winner": 39.63,
    "avg_loser": -33.63,
    "largest_winner": 209.35,
    "largest_loser": -216.84,
    "avg_hold_days": 11.1
  },
  "benchmark": {
    "cagr": 0.11585,
    "max_drawdown": 0.175998,
    "sharpe": 0.5564,
    "sortino": 0.7732,
    "total_return": 0.2442,
    "final_equity": 12441.88
  },
  "per_strategy": {
    "mean_reversion": {
      "count": 277,
      "win_rate": 0.5740072202166066,
      "pnl": 1391.8799999999997
    },
    "trend_following": {
      "count": 132,
      "win_rate": 0.5454545454545454,
      "pnl": 1978.9500000000003
    },
    "opening_gap": {
      "count": 16,
      "win_rate": 0.4375,
      "pnl": -228.61
    }
  }
}