{"commodity_etfs": 1777554008.5066085, "sp500": 1778421663.118245, "sector_etfs": 1777642383.3514056}